tela	tema	modo	largura	diff	dif_estilo
financeiro	pink-neon	light	390	10.80%	55
financeiro	pink-neon	light	430	10.48%	61
financeiro	pink-neon	dark	390	11.53%	55
financeiro	pink-neon	dark	430	10.80%	61
financeiro	ocean	light	390	10.79%	55
financeiro	ocean	light	430	10.47%	61
financeiro	ocean	dark	390	11.52%	55
financeiro	ocean	dark	430	11.03%	61
financeiro	gold	light	390	10.72%	55
financeiro	gold	light	430	10.36%	61
financeiro	gold	dark	390	11.82%	55
financeiro	gold	dark	430	11.29%	61
inicio	pink-neon	light	390	10.15%	42
inicio	pink-neon	light	430	9.14%	51
inicio	pink-neon	dark	390	7.67%	42
inicio	pink-neon	dark	430	7.01%	51
inicio	ocean	light	390	10.13%	42
inicio	ocean	light	430	9.12%	51
inicio	ocean	dark	390	9.18%	42
inicio	ocean	dark	430	8.73%	51
inicio	gold	light	390	10.04%	42
inicio	gold	light	430	9.09%	51
inicio	gold	dark	390	9.32%	42
inicio	gold	dark	430	8.92%	51
