inicio-390-claro-pink-neon	15.7935%
financeiro-390-claro-pink-neon	0.477%
inicio-390-claro-pink-neon-sem-jornada	1.4466%
inicio-390-claro-purple	15.6612%
financeiro-390-claro-purple	0.4756%
inicio-390-claro-purple-sem-jornada	1.4437%
inicio-390-claro-ocean	15.7919%
financeiro-390-claro-ocean	0.4765%
inicio-390-claro-ocean-sem-jornada	1.4461%
inicio-390-claro-midnight	15.6779%
financeiro-390-claro-midnight	0.4756%
inicio-390-claro-midnight-sem-jornada	1.4449%
inicio-390-claro-grafite	15.6645%
financeiro-390-claro-grafite	0.4756%
inicio-390-claro-grafite-sem-jornada	1.4448%
inicio-390-claro-gold	15.6845%
financeiro-390-claro-gold	0.4754%
inicio-390-claro-gold-sem-jornada	1.4456%
inicio-390-claro-emerald	15.7924%
financeiro-390-claro-emerald	0.4769%
inicio-390-claro-emerald-sem-jornada	1.4465%
inicio-390-claro-crimson	15.8535%
financeiro-390-claro-crimson	0.4773%
inicio-390-claro-crimson-sem-jornada	1.4479%
inicio-390-escuro-pink-neon	8.2036%
financeiro-390-escuro-pink-neon	0.4836%
inicio-390-escuro-pink-neon-sem-jornada	1.6585%
inicio-390-escuro-purple	6.2285%
financeiro-390-escuro-purple	0.4811%
inicio-390-escuro-purple-sem-jornada	1.662%
inicio-390-escuro-ocean	10.0433%
financeiro-390-escuro-ocean	0.4779%
inicio-390-escuro-ocean-sem-jornada	1.6735%
inicio-390-escuro-midnight	5.9147%
financeiro-390-escuro-midnight	0.4823%
inicio-390-escuro-midnight-sem-jornada	1.6585%
inicio-390-escuro-grafite	7.6842%
financeiro-390-escuro-grafite	0.4622%
inicio-390-escuro-grafite-sem-jornada	1.6546%
inicio-390-escuro-gold	10.7576%
financeiro-390-escuro-gold	0.4815%
inicio-390-escuro-gold-sem-jornada	1.6673%
inicio-390-escuro-emerald	6.5829%
financeiro-390-escuro-emerald	0.4813%
inicio-390-escuro-emerald-sem-jornada	1.6677%
inicio-390-escuro-crimson	6.5194%
financeiro-390-escuro-crimson	0.4837%
inicio-390-escuro-crimson-sem-jornada	1.6549%
inicio-430-claro-pink-neon	14.6498%
financeiro-430-claro-pink-neon	0.6545%
inicio-430-claro-pink-neon-sem-jornada	1.9145%
inicio-430-claro-purple	14.5309%
financeiro-430-claro-purple	0.653%
inicio-430-claro-purple-sem-jornada	1.912%
inicio-430-claro-ocean	14.6486%
financeiro-430-claro-ocean	0.6537%
inicio-430-claro-ocean-sem-jornada	1.9142%
inicio-430-claro-midnight	14.545%
financeiro-430-claro-midnight	0.653%
inicio-430-claro-midnight-sem-jornada	1.9131%
inicio-430-claro-grafite	14.532%
financeiro-430-claro-grafite	0.653%
inicio-430-claro-grafite-sem-jornada	1.913%
inicio-430-claro-gold	14.5502%
financeiro-430-claro-gold	0.6526%
inicio-430-claro-gold-sem-jornada	1.9137%
inicio-430-claro-emerald	14.6489%
financeiro-430-claro-emerald	0.6541%
inicio-430-claro-emerald-sem-jornada	1.9144%
inicio-430-claro-crimson	14.7058%
financeiro-430-claro-crimson	0.6547%
inicio-430-claro-crimson-sem-jornada	1.9156%
inicio-430-escuro-pink-neon	7.6437%
financeiro-430-escuro-pink-neon	0.6826%
inicio-430-escuro-pink-neon-sem-jornada	2.3152%
inicio-430-escuro-purple	5.8166%
financeiro-430-escuro-purple	0.6799%
inicio-430-escuro-purple-sem-jornada	2.3149%
inicio-430-escuro-ocean	9.6256%
financeiro-430-escuro-ocean	0.6727%
inicio-430-escuro-ocean-sem-jornada	2.6536%
inicio-430-escuro-midnight	5.5332%
financeiro-430-escuro-midnight	0.6808%
inicio-430-escuro-midnight-sem-jornada	2.3136%
inicio-430-escuro-grafite	7.1485%
financeiro-430-escuro-grafite	0.6644%
inicio-430-escuro-grafite-sem-jornada	2.312%
inicio-430-escuro-gold	10.3028%
financeiro-430-escuro-gold	0.6806%
inicio-430-escuro-gold-sem-jornada	2.65%
inicio-430-escuro-emerald	6.1547%
financeiro-430-escuro-emerald	0.6791%
inicio-430-escuro-emerald-sem-jornada	2.3228%
inicio-430-escuro-crimson	6.0991%
financeiro-430-escuro-crimson	0.6816%
inicio-430-escuro-crimson-sem-jornada	2.3109%
