estado	tema	modo	largura	diff	estilos_divergentes	secoes
tela	pink-neon	claro	390	31.95%	78	Sua_Jornada=10.25% Em_movimento=40.12% Ritmo_da_semana=40.43% Capítulo_de_outubr=50.93% Sua_coleção=36.89% Seu_dinheiro=22.49% Seus_4_pilares=52.79% Selos=18.11% Destrava_em_Organi=21.35% (seções: protótipo 11, app 9)
tela	pink-neon	claro	430	31.67%	78	Sua_Jornada=9.50% Em_movimento=38.30% Ritmo_da_semana=39.49% Capítulo_de_outubr=50.35% Sua_coleção=36.45% Seu_dinheiro=21.66% Seus_4_pilares=51.81% Selos=17.29% Destrava_em_Organi=19.10% (seções: protótipo 11, app 9)
tela	pink-neon	escuro	390	40.45%	78	Sua_Jornada=11.26% Em_movimento=89.52% Ritmo_da_semana=43.21% Capítulo_de_outubr=58.27% Sua_coleção=47.29% Seu_dinheiro=27.79% Seus_4_pilares=55.74% Selos=20.06% Destrava_em_Organi=25.69% (seções: protótipo 11, app 9)
tela	pink-neon	escuro	430	40.23%	78	Sua_Jornada=10.35% Em_movimento=89.69% Ritmo_da_semana=42.09% Capítulo_de_outubr=57.71% Sua_coleção=46.68% Seu_dinheiro=26.96% Seus_4_pilares=54.47% Selos=19.06% Destrava_em_Organi=23.04% (seções: protótipo 11, app 9)
tela	purple	claro	390	31.72%	78	Sua_Jornada=10.25% Em_movimento=38.03% Ritmo_da_semana=40.08% Capítulo_de_outubr=50.89% Sua_coleção=36.83% Seu_dinheiro=22.46% Seus_4_pilares=52.76% Selos=17.86% Destrava_em_Organi=21.33% (seções: protótipo 11, app 9)
tela	purple	claro	430	31.46%	78	Sua_Jornada=9.50% Em_movimento=36.43% Ritmo_da_semana=39.18% Capítulo_de_outubr=50.31% Sua_coleção=36.40% Seu_dinheiro=21.63% Seus_4_pilares=51.78% Selos=17.09% Destrava_em_Organi=19.08% (seções: protótipo 11, app 9)
tela	purple	escuro	390	34.52%	78	Sua_Jornada=11.02% Em_movimento=31.67% Ritmo_da_semana=41.77% Capítulo_de_outubr=54.04% Sua_coleção=45.78% Seu_dinheiro=25.09% Seus_4_pilares=54.93% Selos=19.35% Destrava_em_Organi=24.13% (seções: protótipo 11, app 9)
tela	purple	escuro	430	34.18%	78	Sua_Jornada=10.13% Em_movimento=30.74% Ritmo_da_semana=40.78% Capítulo_de_outubr=53.47% Sua_coleção=45.32% Seu_dinheiro=24.38% Seus_4_pilares=53.77% Selos=18.45% Destrava_em_Organi=21.56% (seções: protótipo 11, app 9)
tela	crimson	claro	390	31.81%	78	Sua_Jornada=10.25% Em_movimento=37.07% Ritmo_da_semana=40.66% Capítulo_de_outubr=50.93% Sua_coleção=36.93% Seu_dinheiro=22.52% Seus_4_pilares=52.80% Selos=18.25% Destrava_em_Organi=21.35% (seções: protótipo 11, app 9)
tela	crimson	claro	430	31.55%	78	Sua_Jornada=9.50% Em_movimento=35.61% Ritmo_da_semana=39.70% Capítulo_de_outubr=50.34% Sua_coleção=36.49% Seu_dinheiro=21.69% Seus_4_pilares=51.82% Selos=17.44% Destrava_em_Organi=19.11% (seções: protótipo 11, app 9)
tela	crimson	escuro	390	41.62%	78	Sua_Jornada=11.33% Em_movimento=97.06% Ritmo_da_semana=43.27% Capítulo_de_outubr=58.59% Sua_coleção=47.34% Seu_dinheiro=27.88% Seus_4_pilares=55.77% Selos=20.07% Destrava_em_Organi=25.77% (seções: protótipo 11, app 9)
tela	crimson	escuro	430	41.41%	78	Sua_Jornada=10.44% Em_movimento=97.14% Ritmo_da_semana=42.14% Capítulo_de_outubr=57.98% Sua_coleção=46.72% Seu_dinheiro=27.04% Seus_4_pilares=54.49% Selos=19.08% Destrava_em_Organi=23.11% (seções: protótipo 11, app 9)
tela	ocean	claro	390	31.78%	78	Sua_Jornada=10.25% Em_movimento=37.85% Ritmo_da_semana=40.36% Capítulo_de_outubr=50.93% Sua_coleção=36.89% Seu_dinheiro=22.49% Seus_4_pilares=52.79% Selos=18.09% Destrava_em_Organi=21.33% (seções: protótipo 11, app 9)
tela	ocean	claro	430	31.52%	78	Sua_Jornada=9.50% Em_movimento=36.28% Ritmo_da_semana=39.43% Capítulo_de_outubr=50.34% Sua_coleção=36.45% Seu_dinheiro=21.66% Seus_4_pilares=51.81% Selos=17.24% Destrava_em_Organi=19.09% (seções: protótipo 11, app 9)
tela	ocean	escuro	390	42.87%	78	Sua_Jornada=11.51% Em_movimento=97.78% Ritmo_da_semana=42.74% Capítulo_de_outubr=56.34% Sua_coleção=38.54% Seu_dinheiro=26.34% Seus_4_pilares=65.94% Selos=20.76% Destrava_em_Organi=24.75% (seções: protótipo 11, app 9)
tela	ocean	escuro	430	42.70%	78	Sua_Jornada=10.62% Em_movimento=97.93% Ritmo_da_semana=41.33% Capítulo_de_outubr=55.63% Sua_coleção=37.92% Seu_dinheiro=25.69% Seus_4_pilares=65.75% Selos=19.58% Destrava_em_Organi=22.91% (seções: protótipo 11, app 9)
tela	gold	claro	390	31.84%	78	Sua_Jornada=10.25% Em_movimento=39.46% Ritmo_da_semana=40.15% Capítulo_de_outubr=50.93% Sua_coleção=36.87% Seu_dinheiro=22.49% Seus_4_pilares=52.78% Selos=17.89% Destrava_em_Organi=21.34% (seções: protótipo 11, app 9)
tela	gold	claro	430	31.57%	78	Sua_Jornada=9.50% Em_movimento=37.69% Ritmo_da_semana=39.25% Capítulo_de_outubr=50.35% Sua_coleção=36.43% Seu_dinheiro=21.66% Seus_4_pilares=51.79% Selos=17.11% Destrava_em_Organi=19.09% (seções: protótipo 11, app 9)
tela	gold	escuro	390	37.67%	78	Sua_Jornada=11.14% Em_movimento=76.64% Ritmo_da_semana=43.20% Capítulo_de_outubr=56.86% Sua_coleção=46.86% Seu_dinheiro=27.75% Seus_4_pilares=55.58% Selos=20.06% Destrava_em_Organi=24.99% (seções: protótipo 11, app 9)
tela	gold	escuro	430	37.35%	78	Sua_Jornada=10.27% Em_movimento=76.11% Ritmo_da_semana=42.06% Capítulo_de_outubr=56.37% Sua_coleção=46.30% Seu_dinheiro=26.91% Seus_4_pilares=54.32% Selos=19.06% Destrava_em_Organi=22.57% (seções: protótipo 11, app 9)
tela	emerald	claro	390	31.63%	78	Sua_Jornada=10.25% Em_movimento=35.95% Ritmo_da_semana=40.37% Capítulo_de_outubr=50.89% Sua_coleção=36.91% Seu_dinheiro=22.49% Seus_4_pilares=52.94% Selos=17.88% Destrava_em_Organi=20.79% (seções: protótipo 11, app 9)
tela	emerald	claro	430	31.41%	78	Sua_Jornada=9.50% Em_movimento=34.60% Ritmo_da_semana=39.48% Capítulo_de_outubr=50.34% Sua_coleção=36.45% Seu_dinheiro=21.66% Seus_4_pilares=51.80% Selos=17.24% Destrava_em_Organi=19.08% (seções: protótipo 11, app 9)
tela	emerald	escuro	390	40.95%	78	Sua_Jornada=11.40% Em_movimento=80.86% Ritmo_da_semana=41.98% Capítulo_de_outubr=54.72% Sua_coleção=38.44% Seu_dinheiro=26.18% Seus_4_pilares=65.54% Selos=19.83% Destrava_em_Organi=24.61% (seções: protótipo 11, app 9)
tela	emerald	escuro	430	40.75%	78	Sua_Jornada=10.52% Em_movimento=80.90% Ritmo_da_semana=40.65% Capítulo_de_outubr=54.18% Sua_coleção=37.85% Seu_dinheiro=25.53% Seus_4_pilares=65.40% Selos=18.73% Destrava_em_Organi=22.76% (seções: protótipo 11, app 9)
tela	midnight	claro	390	31.65%	78	Sua_Jornada=10.25% Em_movimento=36.70% Ritmo_da_semana=40.19% Capítulo_de_outubr=50.91% Sua_coleção=36.85% Seu_dinheiro=22.47% Seus_4_pilares=52.77% Selos=17.86% Destrava_em_Organi=21.33% (seções: protótipo 11, app 9)
tela	midnight	claro	430	31.35%	78	Sua_Jornada=9.50% Em_movimento=35.26% Ritmo_da_semana=39.25% Capítulo_de_outubr=50.30% Sua_coleção=36.43% Seu_dinheiro=21.64% Seus_4_pilares=51.82% Selos=16.98% Destrava_em_Organi=18.71% (seções: protótipo 11, app 9)
tela	midnight	escuro	390	31.03%	78	Sua_Jornada=10.99% Em_movimento=32.67% Ritmo_da_semana=40.02% Capítulo_de_outubr=51.44% Sua_coleção=36.94% Seu_dinheiro=22.97% Seus_4_pilares=53.74% Selos=18.24% Destrava_em_Organi=22.48% (seções: protótipo 11, app 9)
tela	midnight	escuro	430	30.73%	78	Sua_Jornada=10.14% Em_movimento=31.75% Ritmo_da_semana=38.92% Capítulo_de_outubr=50.81% Sua_coleção=36.50% Seu_dinheiro=22.18% Seus_4_pilares=52.67% Selos=17.43% Destrava_em_Organi=20.28% (seções: protótipo 11, app 9)
tela	grafite	claro	390	31.37%	78	Sua_Jornada=10.25% Em_movimento=33.72% Ritmo_da_semana=40.04% Capítulo_de_outubr=50.88% Sua_coleção=36.84% Seu_dinheiro=22.43% Seus_4_pilares=52.72% Selos=17.73% Destrava_em_Organi=20.75% (seções: protótipo 11, app 9)
tela	grafite	claro	430	31.14%	78	Sua_Jornada=9.50% Em_movimento=32.62% Ritmo_da_semana=39.13% Capítulo_de_outubr=50.29% Sua_coleção=36.41% Seu_dinheiro=21.60% Seus_4_pilares=51.75% Selos=16.97% Destrava_em_Organi=18.71% (seções: protótipo 11, app 9)
tela	grafite	escuro	390	31.96%	78	Sua_Jornada=10.97% Em_movimento=37.28% Ritmo_da_semana=40.41% Capítulo_de_outubr=51.30% Sua_coleção=37.00% Seu_dinheiro=25.25% Seus_4_pilares=53.61% Selos=18.93% Destrava_em_Organi=22.34% (seções: protótipo 11, app 9)
tela	grafite	escuro	430	31.65%	78	Sua_Jornada=10.11% Em_movimento=35.91% Ritmo_da_semana=39.32% Capítulo_de_outubr=50.70% Sua_coleção=36.56% Seu_dinheiro=24.54% Seus_4_pilares=52.58% Selos=18.00% Destrava_em_Organi=20.19% (seções: protótipo 11, app 9)
semana	pink-neon	claro	390	98.97%	98	
semana	pink-neon	claro	430	99.07%	96	
semana	pink-neon	escuro	390	93.14%	98	
semana	pink-neon	escuro	430	94.38%	96	
mes	pink-neon	claro	390	99.10%	127	
mes	pink-neon	claro	430	99.25%	124	
mes	pink-neon	escuro	390	94.19%	127	
mes	pink-neon	escuro	430	93.88%	124	
ano	pink-neon	claro	390	98.77%	132	
ano	pink-neon	claro	430	98.97%	125	
ano	pink-neon	escuro	390	94.70%	132	
ano	pink-neon	escuro	430	94.12%	125	
selo	pink-neon	claro	390	23.82%	162	
selo	pink-neon	claro	430	20.97%	165	
selo	pink-neon	escuro	390	15.88%	162	
selo	pink-neon	escuro	430	14.44%	165	
estagio	pink-neon	claro	390	33.79%	76	
estagio	pink-neon	claro	430	31.91%	76	
estagio	pink-neon	escuro	390	23.08%	76	
estagio	pink-neon	escuro	430	19.39%	76	
meta	pink-neon	claro	390	94.82%	34	
meta	pink-neon	claro	430	99.05%	82	
meta	pink-neon	escuro	390	26.85%	17	
meta	pink-neon	escuro	430	34.28%	82	
